timestamp_s,s1_dbm,s2_dbm,dir,probe_V,step_V,offset_V
0.880,-43.218,-71.225,→,0.1000,0.04718,4.74718
1.760,-57.602,-65.931,←,0.0269,0.00403,4.74315
2.631,-57.538,-66.236,←,0.0281,0.00422,4.73893
3.505,-57.612,-66.218,←,0.0267,0.00400,4.73493
4.384,-57.572,-66.084,←,0.0275,0.00412,4.73081
5.260,-57.574,-65.593,←,0.0274,0.00411,4.72670
6.140,-57.711,-66.429,←,0.0247,0.00370,4.72300
7.006,-57.751,-66.218,←,0.0239,0.00358,4.71942
7.887,-57.697,-66.048,←,0.0250,0.00374,4.71567
8.755,-57.904,-66.350,←,0.0208,0.00312,4.71255
9.634,-57.794,-65.869,←,0.0230,0.00345,4.70910
10.511,-57.896,-65.685,←,0.0210,0.00315,4.70595
11.382,-57.842,-66.024,←,0.0221,0.00331,4.70264
12.253,-57.896,-66.140,←,0.0210,0.00315,4.69950
13.138,-57.928,-65.793,←,0.0203,0.00305,4.69645
14.002,-57.995,-66.202,←,0.0200,0.00285,4.69360
14.881,-58.032,-66.192,←,0.0200,0.00274,4.69086
15.755,-58.065,-66.105,←,0.0200,0.00264,4.68822
16.624,-58.079,-66.180,←,0.0200,0.00260,4.68562
17.510,-58.077,-66.303,←,0.0200,0.00260,4.68302
18.387,-58.163,-66.193,←,0.0200,0.00235,4.68067
19.262,-58.074,-65.596,←,0.0200,0.00261,4.67806
20.132,-58.100,-65.543,←,0.0200,0.00254,4.67552
21.011,-58.138,-65.918,←,0.0200,0.00242,4.67310
21.888,-58.228,-65.890,←,0.0200,0.00215,4.67095
22.761,-58.187,-66.090,←,0.0200,0.00227,4.66867
23.634,-58.177,-65.720,←,0.0200,0.00230,4.66637
24.512,-58.236,-65.698,←,0.0200,0.00213,4.66424
25.389,-58.177,-65.461,←,0.0200,0.00230,4.66194
26.255,-58.235,-66.105,←,0.0200,0.00213,4.65981
27.133,-58.279,-65.713,←,0.0200,0.00000,4.65981
28.011,-58.247,-66.170,←,0.0200,0.00209,4.65772
28.886,-58.176,-65.790,←,0.0200,0.00231,4.65541
29.767,-58.343,-65.460,←,0.0200,0.00000,4.65541
30.643,-58.309,-65.846,←,0.0200,0.00000,4.65541
31.530,-58.213,-65.978,←,0.0200,0.00220,4.65321
32.400,-58.203,-66.070,←,0.0200,0.00223,4.65099
33.255,-58.347,-65.848,←,0.0200,0.00000,4.65099
34.133,-58.232,-65.395,←,0.0200,0.00214,4.64885
35.009,-58.233,-65.515,←,0.0200,0.00213,4.64671
35.886,-58.227,-65.819,←,0.0200,0.00215,4.64456
36.761,-58.308,-65.531,←,0.0200,0.00000,4.64456
37.635,-58.284,-65.671,←,0.0200,0.00000,4.64456
38.517,-58.233,-65.743,←,0.0200,0.00214,4.64242
39.387,-58.246,-65.455,←,0.0200,0.00210,4.64033
40.268,-58.265,-65.630,←,0.0200,0.00204,4.63829
41.133,-58.290,-65.531,←,0.0200,0.00000,4.63829
42.011,-58.277,-66.014,←,0.0200,0.00200,4.63628
42.893,-58.340,-65.749,←,0.0200,0.00000,4.63628
43.762,-58.279,-65.814,←,0.0200,0.00000,4.63628
44.640,-58.255,-66.041,←,0.0200,0.00207,4.63422
45.518,-58.236,-65.423,←,0.0200,0.00213,4.63209
46.382,-58.268,-65.373,←,0.0200,0.00203,4.63006
47.269,-58.273,-65.419,←,0.0200,0.00202,4.62804
48.131,-58.278,-66.184,←,0.0200,0.00200,4.62604
49.012,-58.345,-65.435,←,0.0200,0.00000,4.62604
49.882,-58.277,-65.365,←,0.0200,0.00200,4.62404
50.753,-58.295,-65.350,←,0.0200,0.00000,4.62404
51.641,-58.318,-66.093,←,0.0200,0.00000,4.62404
52.500,-58.264,-66.063,←,0.0200,0.00204,4.62199
53.377,-58.313,-65.842,←,0.0200,0.00000,4.62199
54.251,-58.325,-65.812,←,0.0200,0.00000,4.62199
55.127,-58.374,-65.605,←,0.0200,0.00000,4.62199
56.013,-58.310,-65.377,←,0.0200,0.00000,4.62199
56.884,-58.259,-65.702,←,0.0200,0.00206,4.61994
57.761,-58.357,-65.524,←,0.0200,0.00000,4.61994
58.635,-58.297,-66.214,←,0.0200,0.00000,4.61994
59.508,-58.291,-65.774,←,0.0200,0.00000,4.61994
60.388,-58.212,-65.573,←,0.0200,0.00220,4.61774
61.257,-58.310,-65.631,←,0.0200,0.00000,4.61774
62.127,-58.179,-66.073,←,0.0200,0.00230,4.61544
63.013,-58.259,-65.881,←,0.0200,0.00206,4.61338
63.882,-58.321,-65.926,←,0.0200,0.00000,4.61338
64.762,-58.288,-66.128,←,0.0200,0.00000,4.61338
65.642,-58.307,-66.058,←,0.0200,0.00000,4.61338
66.509,-58.282,-65.473,←,0.0200,0.00000,4.61338
67.389,-58.222,-66.100,←,0.0200,0.00217,4.61121
68.248,-58.289,-65.527,←,0.0200,0.00000,4.61121
69.138,-58.249,-65.773,←,0.0200,0.00209,4.60912
70.006,-58.262,-65.853,←,0.0200,0.00205,4.60707
70.878,-58.266,-65.954,←,0.0200,0.00204,4.60504
71.764,-58.314,-65.447,←,0.0200,0.00000,4.60504
72.629,-58.235,-65.735,←,0.0200,0.00213,4.60291
73.504,-58.258,-65.583,←,0.0200,0.00206,4.60085
74.384,-58.336,-65.462,←,0.0200,0.00000,4.60085
75.256,-58.274,-66.330,←,0.0200,0.00201,4.59883
76.135,-58.271,-66.153,←,0.0200,0.00202,4.59681
77.017,-58.357,-65.523,←,0.0200,0.00000,4.59681
77.888,-58.378,-66.168,←,0.0200,0.00000,4.59681
78.753,-58.241,-66.071,←,0.0200,0.00211,4.59470
79.628,-58.267,-66.229,←,0.0200,0.00203,4.59267
80.512,-58.312,-65.855,←,0.0200,0.00000,4.59267
81.375,-58.323,-65.497,←,0.0200,0.00000,4.59267
82.260,-58.298,-65.822,←,0.0200,0.00000,4.59267
83.135,-58.254,-65.638,←,0.0200,0.00207,4.59059
84.008,-58.362,-65.522,←,0.0200,0.00000,4.59059
84.882,-58.309,-66.302,←,0.0200,0.00000,4.59059
85.772,-58.266,-65.618,←,0.0200,0.00204,4.58856
86.640,-58.370,-65.939,←,0.0200,0.00000,4.58856
87.507,-58.267,-65.512,←,0.0200,0.00203,4.58652
88.387,-58.288,-66.378,←,0.0200,0.00000,4.58652
89.260,-58.342,-65.808,←,0.0200,0.00000,4.58652
90.129,-58.399,-66.142,←,0.0200,0.00000,4.58652
91.009,-58.301,-66.189,←,0.0200,0.00000,4.58652
91.881,-58.403,-65.648,←,0.0200,0.00000,4.58652
92.753,-58.241,-66.073,←,0.0200,0.00211,4.58441
93.640,-58.339,-66.148,←,0.0200,0.00000,4.58441
94.503,-58.281,-65.897,←,0.0200,0.00000,4.58441
95.372,-58.233,-65.802,←,0.0200,0.00214,4.58227
96.261,-58.235,-65.504,←,0.0200,0.00213,4.58014
97.134,-58.360,-66.144,←,0.0200,0.00000,4.58014
98.005,-58.284,-65.660,←,0.0200,0.00000,4.58014
98.880,-58.314,-65.846,←,0.0200,0.00000,4.58014
99.762,-58.322,-65.554,←,0.0200,0.00000,4.58014
100.632,-58.315,-66.373,←,0.0200,0.00000,4.58014
101.504,-58.244,-66.167,←,0.0200,0.00210,4.57804
102.382,-58.385,-66.075,←,0.0200,0.00000,4.57804
103.262,-58.324,-66.037,←,0.0200,0.00000,4.57804
104.133,-58.263,-65.644,←,0.0200,0.00205,4.57600
105.004,-58.185,-66.321,←,0.0200,0.00228,4.57372
105.891,-58.273,-66.127,←,0.0200,0.00201,4.57170
106.760,-58.392,-65.543,←,0.0200,0.00000,4.57170
107.637,-58.319,-66.214,←,0.0200,0.00000,4.57170
108.504,-58.285,-65.747,←,0.0200,0.00000,4.57170
109.384,-58.294,-65.772,←,0.0200,0.00000,4.57170
110.257,-58.242,-66.157,←,0.0200,0.00211,4.56959
111.122,-58.214,-66.112,←,0.0200,0.00219,4.56740
112.012,-58.311,-65.930,←,0.0200,0.00000,4.56740
112.878,-58.339,-65.939,←,0.0200,0.00000,4.56740
113.758,-58.295,-66.128,←,0.0200,0.00000,4.56740
114.910,-58.273,-66.223,←,0.0200,0.00202,4.56538
115.844,-58.270,-66.383,←,0.0200,0.00202,4.56336
116.713,-58.351,-66.312,←,0.0200,0.00000,4.56336
117.588,-58.371,-65.680,←,0.0200,0.00000,4.56336
118.457,-58.322,-65.545,←,0.0200,0.00000,4.56336
119.341,-58.254,-65.829,←,0.0200,0.00207,4.56129
120.204,-58.305,-66.060,←,0.0200,0.00000,4.56129
121.090,-58.300,-66.230,←,0.0200,0.00000,4.56129
121.963,-58.285,-65.972,←,0.0200,0.00000,4.56129
